chloe@checkpumpspotting.us,error
daniel.a@getsnapforce.ink,success
daniel.a@getcrucialhire.us,success
brian.a@checkhubdoc.click,success
emily@usepipelineplus.us,success
emily@guaranteedseo.site,success
hannah@agilesearchinc.ink,success
jessica@trygeosure.top,success
john.t@sproutvideo.click,success
joshua.b@trymobilityview.ink,success
lauren@checkguaranteedseo.top,success
laura@checkpumpspotting.us,success
lauren@usepipelineplus.us,success
luke.d@convertflow.ink,success
robert.w@getelev8staffing.click,success
zoe@botsociety.click,success
adam.m@checkagilesearchinc.top,success
amanda@geosure.ink,success
samantha@tryautomate.site,success
anthony.m@pumpspotting.ink,success
brian.w@vidgrid.us,success
benjamin.h@agilesearchinc.ink,success
brian.c@pipelineplus.click,success
daniel.k@310creative.us,success
chloe@mobilityview.us,success
daniel.s@mobilityview.us,success
dylan.s@tryconvertflow.click,success
brian.a@checkhubdoc.click,error
chloe@checkpumpspotting.us,error
chloe@checkpumpspotting.us,error
daniel.a@getcrucialhire.us,success
daniel.a@getsnapforce.ink,success
emily@guaranteedseo.site,success
emily@usepipelineplus.us,success
jessica@trygeosure.top,success
hannah@agilesearchinc.ink,success
joshua.b@trymobilityview.ink,success
john.t@sproutvideo.click,success
lauren@checkguaranteedseo.top,success
brian.a@checkhubdoc.click,success
lauren@usepipelineplus.us,success
luke.d@convertflow.ink,success
laura@checkpumpspotting.us,success
samantha@tryautomate.site,success
zoe@botsociety.click,success
adam.m@checkagilesearchinc.top,success
robert.w@getelev8staffing.click,success
anthony.m@pumpspotting.ink,success
benjamin.h@agilesearchinc.ink,success
brian.c@pipelineplus.click,success
brian.w@vidgrid.us,success
chloe@mobilityview.us,success
daniel.k@310creative.us,success
amanda@geosure.ink,success
daniel.s@mobilityview.us,success
ethan.t@convertflow.ink,error
dylan.s@tryconvertflow.click,success
emma@echosec.pro,success
grace@trymobilityview.ink,success
hannah@checkemplify.pro,success
harry.c@tryteksalt.top,success
james.s@checkflowcap.click,error
james.t@getsproutvideo.site,error
harry.j@trygeosure.top,success
joshua.h@crucialhire.email,success
lisa@foxtailmarketing.us,error
john.d@flowcap.site,success
james.m@emplify.click,success
lucas.w@romanalytics.ink,success
matthew.w@tryechosec.top,error
nathan.c@tryunderdog.click,success
lucy@flowcap.site,success
michael.w@trygeosure.top,success
olivia@hubdoc.site,success
olivia@checkbotsociety.site,success
patricia@tryconvertflow.click,error
olivia@emplify.click,error
adam.r@emplify.click,error
abigail@convertflow.ink,success
ava@tryteksalt.top,success
amelia@tryautomate.site,success
charles.h@checkbotsociety.site,success
charlotte@310creative.us,success
charles.w@checkguaranteedseo.top,success
chloe@getsnapforce.ink,success
daniel.h@checkpumpspotting.us,success
daniel.e@vidgrid.us,success
danielle@trylinkedselling.ink,error
daniel.t@checkautomate.us,error
david.e@getsproutvideo.site,error
daniel.w@pipelineplus.click,success
david.b@geosure.ink,success
edward.k@checkemplify.pro,error
david.s@checkemplify.pro,success
ella@emplify.click,success
david.y@botsociety.click,success
emily@checkemplify.pro,success
emily@checkflowcap.click,success
emily@checkhubdoc.click,success
emily@tryromanalytics.pro,error
emily@usevidgrid.click,error
emily@convertflow.ink,success
emily@mobilityview.us,success
emma@romanalytics.ink,success
emma@sproutvideo.click,success
franklin@trymadrivo.click,error
emma@useexpertech.click,success
george.l@geosure.ink,success
eric.t@usefoxtailmarketing.click,success
grace@use310creative.site,error
grace@getcrucialhire.us,success
grace@snapforce.top,success
hannah@romanalytics.ink,success
hannah@trymobilityview.ink,success
isabella_f@discoverlightercapital.info,error
harry.t@use310creative.site,success
isabella@pipelineplus.click,success
jessica@hubdoc.site,error
jacob.w@checkautomate.us,success
jennifer@usefoxtailmarketing.click,success
jessica@snapforce.top,success
joseph.d@hubdoc.site,success
joshua.e@tryautomate.site,success
joshua.g@use310creative.site,success
joshua.k@pumpspotting.ink,error
joshua.k@checkagilesearchinc.top,success
kevin.b@getcrucialhire.us,success
kevin.d@usevidgrid.click,success
joshua.h@usevidgrid.click,success
liam.h@expertech.email,error
kimberly@tryteksalt.top,success
kevin.w@foxtailmarketing.us,success
lucy@getsproutvideo.site,error
lucy@vidgrid.us,error
matthew.t@guaranteedseo.site,error
lily@usegreymattermarketing.us,success
lisa@310creative.us,success
matthew.w@310creative.us,success
matthew.y@checkpumpspotting.us,success
megan@pipelineplus.click,success
mia@getsproutvideo.site,success
mia@usegreymattermarketing.email,success
michael.a@tryteksalt.top,success
natalie@checkautomate.us,success
nathaniel_s@aboutmavenrec.top,error
natalie@checkhubdoc.click,success
natalie@vidgrid.us,success
noah.h@tryautomate.site,error
oliver.w@getunderdog.us,error
oliver.w@sproutvideo.click,error
noah.a@tryromanalytics.pro,success
olivia@elev8staffing.site,error
patrick_b@usepredictablerevenue.ink,error
oliver.s@foxtailmarketing.us,success
olivia@expertech.email,success
rachel@expertech.email,success
rebecca@pumpspotting.ink,success
ryan.b@hubdoc.site,success
samuel.b@checkhubdoc.click,success
samuel.c@tryechosec.top,success
samuel.w@usegreymattermarketing.us,success
sarah@flowcap.site,success
sarah@usevidgrid.click,success
sophia@tryromanalytics.pro,success
sophie@checkflowcap.click,success
sophie@usegreymattermarketing.email,success
stephanie@teksalt.site,success
thomas.g@usefoxtailmarketing.click,success
thomas.m@teksalt.site,success
thomas.w@echosec.pro,success
thomas.y@snapforce.top,success
william.h@teksalt.site,success
william.m@checkbotsociety.site,success
abigail@convertflow.ink,success
adam.r@emplify.click,success
amelia@tryautomate.site,success
ava@tryteksalt.top,success
charles.h@checkbotsociety.site,success
charles.w@checkguaranteedseo.top,success
charlotte@310creative.us,success
chloe@getsnapforce.ink,success
daniel.e@vidgrid.us,success
daniel.h@checkpumpspotting.us,success
daniel.t@checkautomate.us,success
daniel.w@pipelineplus.click,success
danielle@trylinkedselling.ink,error
david.b@geosure.ink,success
david.e@getsproutvideo.site,error
david.s@checkemplify.pro,success
david.y@botsociety.click,success
edward.k@checkemplify.pro,success
ella@emplify.click,success
emily@checkemplify.pro,success
emily@checkflowcap.click,success
emily@checkhubdoc.click,success
emily@convertflow.ink,success
emily@mobilityview.us,success
emily@tryromanalytics.pro,error
emily@usevidgrid.click,error
emma@romanalytics.ink,success
emma@sproutvideo.click,success
emma@useexpertech.click,success
eric.t@usefoxtailmarketing.click,success
franklin@trymadrivo.click,error
george.l@geosure.ink,success
grace@getcrucialhire.us,success
grace@snapforce.top,success
grace@use310creative.site,error
hannah@romanalytics.ink,success
hannah@trymobilityview.ink,success
harry.t@use310creative.site,success
isabella@pipelineplus.click,success
isabella_f@discoverlightercapital.info,error
jacob.w@checkautomate.us,success
jennifer@usefoxtailmarketing.click,success
jessica@hubdoc.site,success
jessica@snapforce.top,success
joseph.d@hubdoc.site,success
joshua.e@tryautomate.site,success
joshua.g@use310creative.site,success
joshua.h@usevidgrid.click,success
joshua.k@checkagilesearchinc.top,success
joshua.k@pumpspotting.ink,success
kevin.b@getcrucialhire.us,success
kevin.d@usevidgrid.click,success
kevin.w@foxtailmarketing.us,success
kimberly@tryteksalt.top,success
liam.h@expertech.email,success
lily@usegreymattermarketing.us,success
lisa@310creative.us,success
lucy@getsproutvideo.site,error
lucy@vidgrid.us,error
matthew.t@guaranteedseo.site,success
matthew.w@310creative.us,success
matthew.y@checkpumpspotting.us,success
megan@pipelineplus.click,success
mia@getsproutvideo.site,success
abigail@convertflow.ink,success
adam.r@emplify.click,success
ava@tryteksalt.top,success
amelia@tryautomate.site,success
noah.h@tryautomate.site,success
charles.h@checkbotsociety.site,success
charlotte@310creative.us,success
charles.w@checkguaranteedseo.top,success
chloe@getsnapforce.ink,success
daniel.e@vidgrid.us,success
daniel.h@checkpumpspotting.us,success
danielle@trylinkedselling.ink,error
daniel.t@checkautomate.us,success
daniel.w@pipelineplus.click,success
david.b@geosure.ink,success
david.s@checkemplify.pro,success
david.y@botsociety.click,success
edward.k@checkemplify.pro,success
ella@emplify.click,success
david.e@getsproutvideo.site,success
emily@checkemplify.pro,error
emily@checkflowcap.click,success
emily@checkhubdoc.click,success
emily@tryromanalytics.pro,error
emily@usevidgrid.click,error
emily@convertflow.ink,success
emily@mobilityview.us,success
emma@romanalytics.ink,success
emma@sproutvideo.click,success
franklin@trymadrivo.click,error
emma@useexpertech.click,success
eric.t@usefoxtailmarketing.click,success
george.l@geosure.ink,success
grace@getcrucialhire.us,success
grace@snapforce.top,success
hannah@romanalytics.ink,success
hannah@trymobilityview.ink,success
harry.t@use310creative.site,success
isabella_f@discoverlightercapital.info,error
grace@use310creative.site,success
isabella@pipelineplus.click,success
jacob.w@checkautomate.us,success
jennifer@usefoxtailmarketing.click,success
jessica@hubdoc.site,success
jessica@snapforce.top,success
joseph.d@hubdoc.site,success
joshua.e@tryautomate.site,success
joshua.g@use310creative.site,success
joshua.k@checkagilesearchinc.top,success
kevin.b@getcrucialhire.us,success
joshua.k@pumpspotting.ink,error
kevin.d@usevidgrid.click,success
kevin.w@foxtailmarketing.us,success
kimberly@tryteksalt.top,success
liam.h@expertech.email,success
lily@usegreymattermarketing.us,success
lucy@getsproutvideo.site,error
lucy@vidgrid.us,error
lisa@310creative.us,success
joshua.h@usevidgrid.click,success
matthew.t@guaranteedseo.site,success
matthew.w@310creative.us,success
matthew.y@checkpumpspotting.us,success
megan@pipelineplus.click,success
mia@getsproutvideo.site,success
mia@usegreymattermarketing.email,success
michael.a@tryteksalt.top,success
natalie@checkautomate.us,success
nathaniel_s@aboutmavenrec.top,error
natalie@checkhubdoc.click,success
noah.h@tryautomate.site,success
natalie@vidgrid.us,success
noah.a@tryromanalytics.pro,success
oliver.w@sproutvideo.click,error
oliver.s@foxtailmarketing.us,success
oliver.w@getunderdog.us,success
patrick_b@usepredictablerevenue.ink,error
olivia@elev8staffing.site,success
olivia@expertech.email,success
rachel@expertech.email,success
ryan.b@hubdoc.site,success
rebecca@pumpspotting.ink,success
samuel.b@checkhubdoc.click,success
samuel.c@tryechosec.top,success
samuel.w@usegreymattermarketing.us,success
sarah@flowcap.site,success
sarah@usevidgrid.click,success
sophia@tryromanalytics.pro,success
sophie@checkflowcap.click,success
sophie@usegreymattermarketing.email,success
stephanie@teksalt.site,success
thomas.g@usefoxtailmarketing.click,success
thomas.m@teksalt.site,success
thomas.w@echosec.pro,success
thomas.y@snapforce.top,success
william.h@teksalt.site,success
william.m@checkbotsociety.site,success
adam.m@checkagilesearchinc.top,success
adam.m@checkagilesearchinc.top,success
adam.m@checkagilesearchinc.top,success
amanda@geosure.ink,success
andrew.c@expertech.email,success
amanda@getsnapforce.ink,success
andrew.h@usepipelineplus.us,success
brian.a@checkhubdoc.click,error
brian.c@pipelineplus.click,error
anthony.m@pumpspotting.ink,success
benjamin.h@agilesearchinc.ink,success
chloe@checkpumpspotting.us,error
brian.w@vidgrid.us,success
chloe@crucialhire.email,success
chloe@mobilityview.us,success
brian.l@getunderdog.us,success
daniel.a@getsnapforce.ink,success
daniel.a@getcrucialhire.us,success
christopher.w@snapforce.top,success
daniel.k@310creative.us,success
daniel.s@mobilityview.us,success
daniel.m@romanalytics.ink,success
dylan.s@tryconvertflow.click,success
daniel.w@agilesearchinc.ink,success
emily@usepipelineplus.us,success
emily@guaranteedseo.site,success
emma@echosec.pro,success
grace@trymobilityview.ink,success
ethan.t@convertflow.ink,success
hannah@agilesearchinc.ink,success
hannah@checkemplify.pro,success
harry.c@tryteksalt.top,success
harry.j@trygeosure.top,success
james.s@checkflowcap.click,error
james.m@emplify.click,success
jack.t@flowcap.site,success
james.t@getsproutvideo.site,success
james.t@useexpertech.click,success
jessica@trygeosure.top,success
john.d@flowcap.site,success
jessica@getunderdog.us,success
joshua.h@crucialhire.email,error
joshua.b@trymobilityview.ink,success
john.t@sproutvideo.click,success
lauren@checkguaranteedseo.top,success
laura@checkpumpspotting.us,success
lauren@usepipelineplus.us,success
lucas.w@romanalytics.ink,success
lucy@checkguaranteedseo.top,success
lisa@foxtailmarketing.us,success
luke.d@convertflow.ink,success
lucy@flowcap.site,success
matthew.w@tryechosec.top,success
nathan.c@tryunderdog.click,success
nicole@useexpertech.click,success
michael.w@trygeosure.top,success
oliver.b@checkflowcap.click,success
olivia@checkbotsociety.site,success
oliver.k@usegreymattermarketing.email,success
olivia@emplify.click,success
olivia@hubdoc.site,success
olivia@tryechosec.top,success
patricia@tryconvertflow.click,success
rachel@getelev8staffing.click,success
rachel@use310creative.site,success
robert.w@getelev8staffing.click,success
rebecca@tryunderdog.click,success
samantha@tryautomate.site,error
samantha@guaranteedseo.site,success
sophie@pumpspotting.ink,error
ryan.m@getsnapforce.ink,success
sophie@checkagilesearchinc.top,success
william.h@elev8staffing.site,success
zoe@botsociety.click,success
william.h@tryromanalytics.pro,success
abigail@convertflow.ink,error
adam.r@emplify.click,success
amelia@tryautomate.site,error
abigail@convertflow.ink,error
abigail@convertflow.ink,success
abigail@convertflow.ink,error
adam.r@emplify.click,error
abigail@convertflow.ink,error
adam.r@emplify.click,error
abigail@convertflow.ink,success
adam.r@emplify.click,success
danielle@trylinkedselling.ink,error
emily@tryromanalytics.pro,error
emily@tryromanalytics.pro,error
emily@tryromanalytics.pro,error
abigail@convertflow.ink,success
adam.r@emplify.click,success
